,Xanthomonas_albilineans_GCA_000962925_1.fna.gz,Xanthomonas_albilineans_GCA_000963025_1.fna.gz,Xanthomonas_albilineans_GCA_000963155_1.fna.gz,_Pseudomonas__cissicola_GCA_008801575_1.fna.gz
Xanthomonas_albilineans_GCA_000962925_1.fna.gz,0,0.9510059501108602,0.9667341514912928,0.5181273819040053
Xanthomonas_albilineans_GCA_000963025_1.fna.gz,0.9510059501108602,0,0.9645894789262892,0.5198467215962019
Xanthomonas_albilineans_GCA_000963155_1.fna.gz,0.9667341514912928,0.9645894789262892,0,0.5203925183192497
_Pseudomonas__cissicola_GCA_008801575_1.fna.gz,0.5181273819040053,0.5198467215962019,0.5203925183192497,0
