,Xanthomonas_albilineans_GCA_000962915_1.fna.gz,Xanthomonas_albilineans_GCA_000962945_1.fna.gz,Xanthomonas_albilineans_GCA_000963065_1.fna.gz,Xanthomonas_albilineans_GCA_000963195_1.fna.gz
Xanthomonas_albilineans_GCA_000962915_1.fna.gz,0,0.9728147686492679,1,0.9819836570459503
Xanthomonas_albilineans_GCA_000962945_1.fna.gz,0.9728147686492679,0,0.9728147686492679,0.9741923478323852
Xanthomonas_albilineans_GCA_000963065_1.fna.gz,1,0.9728147686492679,0,0.9819836570459503
Xanthomonas_albilineans_GCA_000963195_1.fna.gz,0.9819836570459503,0.9741923478323852,0.9819836570459503,0
